,title,upvote_ratio,ups,score,created,author,num_comments,permalink,built_url,submission_test
0,"What Are Your Moves Tomorrow, January 26, 2021",0.96,864,864,Tue Jan 26 00:00:18 2021,AutoModerator,12740,/r/wallstreetbets/comments/l4xeyo/what_are_your_moves_tomorrow_january_26_2021/,https://www.reddit.com/r/wallstreetbets/comments/l4xeyo/what_are_your_moves_tomorrow_january_26_2021/,"Your daily trading discussion thread. Please keep the shitposting to a minimum. 

^Navigate ^WSB|^We ^recommend ^best ^daily ^DD
:--|:--                                 
**DD** | [All](https://reddit.com/r/wallstreetbets/search?sort=new&restrict_sr=on&q=flair%3ADD) / [**Best Daily**](https://www.reddit.com/r/wallstreetbets/search?sort=top&q=flair%3ADD&restrict_sr=on&t=day) / [Best Weekly](https://www.reddit.com/r/wallstreetbets/search?sort=top&q=flair%3ADD&restrict_sr=on&t=week)
**Discussion** | [All](https://reddit.com/r/wallstreetbets/search?sort=new&restrict_sr=on&q=flair%3ADiscussion) / [**Best Daily**](https://www.reddit.com/r/wallstreetbets/search?sort=top&q=flair%3ADiscussion&restrict_sr=on&t=day) / [Best Weekly](https://www.reddit.com/r/wallstreetbets/search?sort=top&q=flair%3ADiscussion&restrict_sr=on&t=week)
**YOLO** | [All](https://reddit.com/r/wallstreetbets/search?sort=new&restrict_sr=on&q=flair%3AYOLO) / [**Best Daily**](https://www.reddit.com/r/wallstreetbets/search?sort=top&q=flair%3AYOLO&restrict_sr=on&t=day) / [Best Weekly](https://www.reddit.com/r/wallstreetbets/search?sort=top&q=flair%3AYOLO&restrict_sr=on&t=week)
**Gain** | [All](https://reddit.com/r/wallstreetbets/search?sort=new&restrict_sr=on&q=flair%3AGain) / [**Best Daily**](https://www.reddit.com/r/wallstreetbets/search?sort=top&q=flair%3AGain&restrict_sr=on&t=day) / [Best Weekly](https://www.reddit.com/r/wallstreetbets/search?sort=top&q=flair%3AGain&restrict_sr=on&t=week)
**Loss** | [All](https://reddit.com/r/wallstreetbets/search?sort=new&restrict_sr=on&q=flair%3ALoss) / [**Best Daily**](https://www.reddit.com/r/wallstreetbets/search?sort=top&q=flair%3ALoss&restrict_sr=on&t=day) / [Best Weekly](https://www.reddit.com/r/wallstreetbets/search?sort=top&q=flair%3ALoss&restrict_sr=on&t=week)

[Weekly Earnings Discussion Thread](https://www.reddit.com/r/wallstreetbets/search?sort=new&restrict_sr=on&q=flair%3A%22Earnings%20Thread%22)

**Read the [rules](https://www.reddit.com/r/wallstreetbets/wiki/contentguide) and make sure other people follow them.**

Try [No Meme Mode](https://www.reddit.com/r/wallstreetbets/search/?q=-flair%3AMeme%20-flair%3ASatire%20-flair%3AShitpost&restrict_sr=1&t=day&sort=hot), also accessible through the top bar.

---

[**Check out WSB.GOLD stats generated live from WSB activity**](https://wsb.gold/public/dashboard/e65fcfcb-70a4-4d86-b7fb-888057c67881)"
0,Can I get a flair for buying GME at the literal top ($155.29)?,0.86,46662,46662,Mon Jan 25 20:18:21 2021,DavyyJ,3617,/r/wallstreetbets/comments/l4sg3u/can_i_get_a_flair_for_buying_gme_at_the_literal/,https://www.reddit.com/r/wallstreetbets/comments/l4sg3u/can_i_get_a_flair_for_buying_gme_at_the_literal/,
0,Got what I deserve for not buying shares,1.0,1,1,Tue Jan 26 02:29:21 2021,Icarus649,0,/r/wallstreetbets/comments/l50lpn/got_what_i_deserve_for_not_buying_shares/,https://www.reddit.com/r/wallstreetbets/comments/l50lpn/got_what_i_deserve_for_not_buying_shares/,
0,Does Citron not remember who we are? $AMC,0.52,4,4,Mon Jan 25 18:11:57 2021,KATisagod,10,/r/wallstreetbets/comments/l4pqbq/does_citron_not_remember_who_we_are_amc/,https://www.reddit.com/r/wallstreetbets/comments/l4pqbq/does_citron_not_remember_who_we_are_amc/,
