,id,title,name,upvote_ratio,ups,score,sort,created,author,num_comments,flair,permalink,built_url,url,submission_test,last_updated,raw_filename
0,l4x24c,"ğŸš€ğŸš€ The New Blackberry, why it'll go back to $65+ ğŸŒ› - DD",t3_l4x24c,0.97,7854,7854,top,2021-01-25 23:43:45.000000,5work,852,DD,/r/wallstreetbets/comments/l4x24c/the_new_blackberry_why_itll_go_back_to_65_dd/,https://www.reddit.com/r/wallstreetbets/comments/l4x24c/the_new_blackberry_why_itll_go_back_to_65_dd/,https://www.reddit.com/r/wallstreetbets/comments/l4x24c/the_new_blackberry_why_itll_go_back_to_65_dd/,"&#x200B;

# ğŸš€ğŸš€ğŸš€ğŸš€ğŸš€ğŸš€ğŸš€ğŸš€ğŸš€ğŸš€ğŸš€ğŸš€ğŸš€

# The new BlackBerry

When suddenly the BlackBerry and Amazon partnership was announced on December 1st, 2020, most people were shocked (other than those who have been following the story), to learn that BlackBerry â€œthe Phone Companyâ€ was still around. Soon they all realized that the phone company from back in the day has now transformed itself into a Software Security Company using AI and Machine Learning.

Once a pioneer in smartphone technology, is now pioneering the technology of the future. AI, ML, EV, AV, 5G, WFH, UEM, UES, EPP, MTD, EDR, UEBA, Zero Trust, Zero Touch, Crisis Communications, Cloud and more.

Remember even though BlackBerry has transformed from a hardware company to a software company the technology it developed is still in use today on mobile phones. BlackBerry owns a ton of patents due to being a pioneer in the smartphone business. Some of us donâ€™t realize this but the work email you get on your iPhone, Android Phone, laptop or desktop (Mac or Windows) is secured by BlackBerry.

# 2021 Catalysts for Blackberry

One catalyst is that a deal was made with BlackBerry and Amazon's Web Services which will develop and market BlackBerryâ€™s intelligent-vehicle-data platform â€“ called Ivy â€“ to help automakers create in-vehicle services.

The first BlackBerry device, the 850, was introduced in 1999 as a two-way pager in Munich.Â 

Blackberry also has partnership deals with Zoom, OnwardMobilityÂ and Huawei.

* Blackberry and Amazon: On Dec. 1, Blackberry announced it had partnered with Amazon Web Services to develop and bring to market BlackBerryâ€™s Intelligent Vehicle Data Platform, IVY. AutomakersÂ [will be able to use the software for the smart and autonomous electric vehicles](https://blogs.blackberry.com/en/2020/12/aws-and-blackberry-join-forces-to-accelerate-innovation-with-new-intelligent-vehicle-data-platform)Â being developed.
* Blackberry and Zoom: On Oct. 16, Blackberry announced it was partnering with Zoom. Zoom will be using Blackberryâ€™sÂ [Blackberry Dynamics cybersecurity software](https://blogs.blackberry.com/en/2020/10/blackberry-and-zoom-together-secure-your-virtual-enterprise-meetings)Â in its mobile platformÂ to protect companies from cyberattacks and data breaches. Blackberry Dynamics software also provides secure video conferencing, which Blackberry says will become more necessary as companies move away from in-person meetings.Â Â 
* Blackberry and Huawei: Earlier this month,[Â it was reportedÂ ](https://www.androidheadlines.com/2021/01/blackberry-key-smartphone-patents-huawei.html)that Blackberry had sold 90 patents to Chinese telecommunications company Huawei. Blackberry holds more patents than any other company in Canada, many that are applicable to smartphones that Blackberry no longer will concentrate on.Â 
* Blackberry and OnwardMobility: Despite Blackberry moving away from smartphones, last August Blackberry announced it would be partnering withÂ OnwardMobilityÂ to help the tech startup produce Blackberry-branded smartphones with 5G technology.Â The phones are set to be released in[Â the first half of this year](https://www.onwardmobility.com/about/).

# Blackberry,  SpaceX, and Blade Urban Air Mobility (ARK Investments)

SpaceX is using Blackberry QNX technology. Itâ€™s also expected that Blade Urban Air Mobility (EXPC) is also using Blackberry QNX technology in their flying machines. I expect by the year 2025 there will be over 75 billion devices with QNX worldwide.

One should also note that Cathie Wood's Ark Invest started a position in Blade Urban Air Mobility's SPAC called Experience Investment (EXPC).

\**Can't post pic because retard bot will delete it, go check ARKQ yourself*.

# My reason to believe Blackberry goes back to $65 or even $100+

Space sector is getting hot every day, Elon Musk is looking to take Starlink public, I see Blackberry playing a role in this since SpaceX already uses Blackberry's QNC technology. The same thing can be said about Blade Urban Air Mobility.

Blackberry QNC will become Space's real time operating system, this is just the beginning just like how Blackberry engineered Mobile devices, they will be the leader (the glue) in IoT and real time analytics.

TLDR: BUY, moon soon!

EDIT: More rockets for you ğŸš€ğŸš€ğŸš€ğŸš€ğŸš€ğŸš€ğŸš€ğŸš€ğŸš€ğŸš€

EDIT 2:  This is for entertainment purposes only. I am not a legal, tax or financial professional. This is not the suggestion of any trades or positions to take on. Investing carries risk, please do not invest until you understand those risks. ",2021-01-25 21:53:59.310834,../output/raw/DueDiligence_flair_DD_20210125_215359.csv
1,l4ehan,BlackBerry DD,t3_l4ehan,0.98,4722,4722,top,2021-01-25 06:04:32.000000,_MoveSwiftly,918,DD,/r/wallstreetbets/comments/l4ehan/blackberry_dd/,https://www.reddit.com/r/wallstreetbets/comments/l4ehan/blackberry_dd/,https://www.reddit.com/r/wallstreetbets/comments/l4ehan/blackberry_dd/,"**Note**: BlackBerry is NOT a cyber security company. They are a *security company*. Revenue does not care about your AI driven autonomous machine learning EV car with DDs. People are using these terms loosely. A quick lookup for interviews with John Chen would prove that he explicitly avoids these terms as they do not define nor matter to the products/revenue of BlackBerry. QNX revenue does not depend on any of these terms, it's on installation on any device. This includes the space station, of which there is 1 of with obviously non-recurring revenue. Buying based on these basis would be gambling.

**Bull**:

* Business transformation: BlackBerry is now a software company, starting the transformation in 2015. The focus is security, the general term.
* 5 Products:
   * QNX: Embedded system OS.
      * Multi-OS housing: It has the capability to allow for multiple OSs on a single chip.
      * Real-time availability/software prioritization: Not all pieces of software operate on the same priority. Steering/braking would be higher priority than media, and QNX allows for that. Even if the thread/core is shared with other applications, when high priority software is requesting a resource it will be prioritized to ensure reliability.
      * Resource sharing: CPU, RAM, and GPU resource sharing between different applications capability. Two applications can share the same CPU core and bump each other based on prioritization.
      * Why not Linux? QNX has the highest certification for security available. Linux does not. CEOs would want to avoid liability and this certification allows for that.
      * Device agnostic: It can be installed on any device, not just cars. Any IoT and offline device can use QNX.
   * QNX Hypervisor: Consolidate multiple OSs on a single SoC using virtualization
      * SoC: System on a chip. Instead of using multiple ECUs, which is what car manufacturers currently do, they can use one single chip to run multiple high priority applications and multiple OSs. This is what Tesla does now.
      * Virtualization: Running an OS in a virtual environment. Think Linux environment inside of Windows. This helps with debugging for developers without having to have the actual hardware.
   * IVY: Scalable cloud-connected software platform for vehicles.
      * What is it a solution for? When a vehicle manufacturer wants a way to transmit the QNX/OS data safely, normalize it, and visualize it/interact with it. It also allows car manufacturers to own the data, unlike other OSs.
      * Scalable: AWS servers are capable of handling the load from many endpoints.
      * Software platform: There is currently no centralized software ecosystem for vehicles. IVY is providing that.
      * Non-BB developers would be able to use an SDK to develop applications on IVY for infotainment/general apps/others. IVY will also use ML to gain insight on unrecognized patterns by developers. An example of this is detecting if a car slipped, without having the developer connect multiple sensors to figure out if that event happened.
      * 50/50 joint effort on revenue and effort to develop the ecosystem. Using AWS's knowledge in AI/ML for calculated sensors (slip, driver on seat, etc)
      * Usage by other vendors: A city can connect to the data from vehicles and detect when ice/slipping is happening. If brakes are getting overheated coming from a high elevation area. If a car had an accident, etc. An insurance company can provide an app to give discounts similar to the currently implemented OBD-2 readers. A maintenance provider can also connect to this data and check if an error is specific to maintenance, malpractice, or general misuse.
   * Spark: Endpoint management. Basically API security. Did not delve far into this, basic info.
      * Unified Endpoint Security: This is the endpoint where a laptop/phone/IoT device hits. It provides encryption and security around that. Continuous authentication is a part of it, where a device is learning the user behavior using ML and continuously checking if the behavior matches the original owner; if not, lock the device.
      * Unified Endpoint Management: Basically managing your API for devices.
      * Zero trust: I think this is specifically talking about continuous authentication. Basically, it's not an authenticate once and forget it. It's constantly tracking behavior to verify the user is the authenticated user.
   * AtHoc: Non-enterprise communication system.
      * Target customers: Government, healthcare, education, etc.
      * Solution: A communication system targeting non-enterprise businesses; specifically for Event management, cross organizational communication/collaboration, mass notifications.
      * Who does this benefit? You've seen the hacks in healthcare/educational/governmental sector. This is specifically for them.
   * SecuSUITE: Phone application to allow employees to use work related data in personal devices without cross communication (between personal and work data).
      * End to end encryption.
      * Separation of concerns between personal and work data. Employers CANNOT access your personal data.
      * Used by NATO; doesn't carry much value in my book but maybe in yours.
* Customer oriented solutions: As you've seen in the products above, some products overlap and are just names to target specific customers. It allows customers to easily understand what product could solve their issue. Continuous authentication is a great example of this: Their customer complained that they kept re-authenticating, so they designed a solution allowing them to authenticate once and using ML they learned their behavior and can continuously check if the user is the owner/authenticated user. This kind of passion in leadership is good for business.
* Liability: QNX has the highest security rating available. Most CEOs want to avoid liability when it comes to security, using QNX would help them avoid that in a similar way cloud services help them avoid being blamed for hacking.
* Leadership: BBs leadership isn't one to play on famous words to drive the stock up. John Chen explicitly states this in his interviews and says they are a security company. Not cyber, doesn't mention AI or whatever. He explicitly avoids meme words and understands what the point of BBs business is.

Where I think growth can be made:

1. QNX in more cars. They can capitalize on the idea of less ECUs = less cost for OEMs + security.
2. IVY usage by OEMs along with QNX.
3. IVY ecosystem. Maybe application billing?
4. Professional services (support) for the products listed.
5. AtHoc increased market share in more governmental/healthcare/educational entities.
6. SecuSUITE for more enterprise customers with the idea being saving employers money from purchasing work phones for employees, and worrying about securing them.

**Bear**:

* Revenue: It is not yet based on a subscription/usage basis. You can only produce so many cars, and they don't give an insight on how much do they charge per car for QNX. Anywhere from $2 - $20 is what was mentioned in transcripts. This is a growth area, but not at a trajectory that's excellent. IVY does work on a subscription/usage basis, but IVY can be used WITHOUT QNX. I'm worried about this, but still see it as an area that will generate revenue in the range of $400 MM - $600 MM at the price of $20 per 30M cars. The 30M per year is based on the listing of their customers and their yearly production rates. Keep in mind I stated any device, this does not include trucks or other IoT devices.
* Market share: These are relatively new products. J.P. Morgan pointed this out as a priority for growth. This could end up not working out and growth never happens. This is a relatively low risk due to QNX and IVY providing SO MUCH value for car manufacturers Vs. other products in the market.
* Patent revenue: They sold a chunk of their no longer relevant patents to Huawei. This makes up a small (<= 32%) of their revenue and is a one time sale. The coming quarter could be equal or less to the last quarter revenue due to either other sales making up the lost revenue from patents, or coming up short. It could come higher if they sold more services, but due to COVID and knowing that many car manufacturers have lowered their production due to chip shortage, the next quarter will most likely be lower.
* VW.os: VW is making their own OS. VW.os is what they're calling it. They're currently using QNX, but that revenue could potentially stop. Personally I don't believe VW is capable of doing that. It's a marketing hype. Their companies are not capable of good collaboration or good implementation based on what I've read and researched (can't find article right now), but it's something to be concerned about.
* QNX success: While IVY could be using QNX, it does NOT depend on it. There is potential for OEMs to use IVY without QNX. I think this is a low risk, but still risk. 19 OEMs are already using QNX.
* Lack of Answers: I can't get much out of their earnings call. They don't delve into pricing for QNX, how they plan to grow it besides getting more car manufacturers and more cars post Corona. How they plan to do recurring revenue. A breakdown of each revenue segment would be helpful, but I don't see that either and there is hesitancy to delve into it.

**Prediction**: I think QNX can become a $1B revenue per year alone. $2B revenue per year as a company is not far fetched. Without a subscription/usage based model, it is difficult to see how growth can go beyond that. BB is good in 2-5 years, not this year. I can see their revenue growing to potentially $2B - $4B revenue per year. They did mention trying to figure out a subscription/usage based billing, if done then the revenue would be much higher. I think $18 is a fair price on the high end. It could grow further than that, but expectations would be HIGH.

**Resources**:

1. John Chen interview: [https://youtu.be/\_hQQlCWMrQA?t=313](https://youtu.be/_hQQlCWMrQA?t=313)
2. John Chen interview: [https://youtu.be/FNdbGhun2E8](https://youtu.be/FNdbGhun2E8)
3. J.P. Morgan IVY presentation: [https://cache.webcasts.com/content/jpmo001/1416508/content/58ffe5daaa24e738fdef0d065b9b15077892ea63/pdf/secured/BlackBerry\_-\_Winter\_2020-21\_Investors\_Deck.pdf](https://cache.webcasts.com/content/jpmo001/1416508/content/58ffe5daaa24e738fdef0d065b9b15077892ea63/pdf/secured/BlackBerry_-_Winter_2020-21_Investors_Deck.pdf)
4. IVY: [https://blackberry.qnx.com/en/aws](https://blackberry.qnx.com/en/aws)
5. QNX: [https://blackberry.qnx.com/content/dam/bbcomv4/qnx/software-solutions/embedded-software/qnx-neutrino-rtos/pdf/QNX-Neutrino-Product-Brief-v7.pdf](https://blackberry.qnx.com/content/dam/bbcomv4/qnx/software-solutions/embedded-software/qnx-neutrino-rtos/pdf/QNX-Neutrino-Product-Brief-v7.pdf)
6. QNX Hypervisor: [https://blackberry.qnx.com/content/dam/qnx/products/hypervisor/hypervisorGEM-ProductBrief.pdf](https://blackberry.qnx.com/content/dam/qnx/products/hypervisor/hypervisorGEM-ProductBrief.pdf)
7. QNX Tools: [https://blackberry.qnx.com/en/embedded-software/qnx-software-development-platform](https://blackberry.qnx.com/en/embedded-software/qnx-software-development-platform)
8. Spark UEM: [https://www.blackberry.com/content/dam/bbcomv4/blackberry-com/en/products/resource-center/resource-library/guides/guide-blackberry-spark-uem-suites.pdf](https://www.blackberry.com/content/dam/bbcomv4/blackberry-com/en/products/resource-center/resource-library/guides/guide-blackberry-spark-uem-suites.pdf)
9. Spark UES: [https://www.blackberry.com/content/dam/bbcomv4/blackberry-com/en/products/resource-center/resource-library/briefs/Solution\_Brief\_BlackBerry\_Spark\_UES\_Suite\_Final.pdf](https://www.blackberry.com/content/dam/bbcomv4/blackberry-com/en/products/resource-center/resource-library/briefs/Solution_Brief_BlackBerry_Spark_UES_Suite_Final.pdf)
10. AtHoc: [https://www.blackberry.com/us/en/products/blackberry-athoc](https://www.blackberry.com/us/en/products/blackberry-athoc)
11. AtHoc in healthcare: [https://www.blackberry.com/us/en/products/blackberry-athoc/healthcare](https://www.blackberry.com/us/en/products/blackberry-athoc/healthcare)
12. SecuSUITE: [https://www.blackberry.com/us/en/products/secusuite](https://www.blackberry.com/us/en/products/secusuite)
13. Customer oriented solutions - continuous authentication: Start the video at 5:04: [https://www.blackberry.com/us/en/events/security-summit/2020/video-details/work-anywhere](https://www.blackberry.com/us/en/events/security-summit/2020/video-details/work-anywhere)
14. Easier link: [https://vimeo.com/497426347](https://vimeo.com/497426347)
15. VW OS: [https://electrek.co/2020/06/19/vw-to-develop-its-own-operating-system-but-dodges-question-about-id-3-software/](https://electrek.co/2020/06/19/vw-to-develop-its-own-operating-system-but-dodges-question-about-id-3-software/)

**Position**: 1,500.

**Disclaimer**: I don't know everything, I may be incorrect about some things. This is based on what I've researched and to the best of my ability. Do your own DD. Obligatory this is not an investment advice.

&#x200B;

Edit: This is the only sub with a lot of discussion. I appreciate y'all.

&#x200B;

 ğŸš€  ğŸš€  ğŸš€  ğŸš€  ğŸš€  ğŸš€  ğŸš€  ğŸš€  ğŸš€  ğŸš€  ğŸš€  ğŸš€  ğŸš€  ğŸš€  ğŸš€  ğŸš€  ğŸš€  ğŸš€  ğŸš€  ğŸš€  ğŸš€  ğŸš€  ğŸš€  ğŸš€  ğŸš€  ğŸš€  ğŸš€  ğŸš€  ğŸš€  ğŸš€  ğŸš€  ğŸš€  ğŸš€  ğŸš€  ğŸš€  ğŸš€  ğŸš€  ğŸš€  ğŸš€  ğŸš€ ğŸš€  ğŸš€  ğŸš€  ğŸš€  ğŸš€  ğŸš€  ğŸš€  ğŸš€  ğŸš€  ğŸš€  ğŸš€  ğŸš€  ğŸš€  ğŸš€  ğŸš€  ğŸš€  ğŸš€  ğŸš€  ğŸš€  ğŸš€  ğŸš€  ğŸš€  ğŸš€  ğŸš€  ğŸš€  ğŸš€  ğŸš€  ğŸš€  ğŸš€  ğŸš€  ğŸš€  ğŸš€  ğŸš€  ğŸš€  ğŸš€  ğŸš€  ğŸš€  ğŸš€  ğŸš€  ğŸš€

Edit 2: One day later, marked closed $18.03. Crazy.",2021-01-25 21:53:59.310834,../output/raw/DueDiligence_flair_DD_20210125_215359.csv
2,l4ulev,"Someone just bought 79,000 contracts of GE 11.5 calls",t3_l4ulev,0.97,3333,3333,top,2021-01-25 21:53:56.000000,veritasinvestments,409,DD,/r/wallstreetbets/comments/l4ulev/someone_just_bought_79000_contracts_of_ge_115/,https://www.reddit.com/r/wallstreetbets/comments/l4ulev/someone_just_bought_79000_contracts_of_ge_115/,https://www.reddit.com/r/wallstreetbets/comments/l4ulev/someone_just_bought_79000_contracts_of_ge_115/,"Yo retards something big just hit the scanners. Someone just bought 79,000 contracts of GE calls expiring this week. Did one of you retards confuse GME with GE? There's an M in the middle you retards.

Anyways, GE ER is tomorrow. It's either super smart money going long who's gonna print millions from this trade or one of you retards just randomly fatfingered GE thinking it was GME.

Yo retards dont go all in I just catch trades on the scanners maybe this trade is just some retarded trade from an underperforming hedgefund

Edit: didnt realize that this post was gonna go this heavy. I just scan the markets for weird trades. Iâ€™ll keep posting but like dont go all in guys please diversify your trades and do proper risk management",2021-01-25 21:53:59.310834,../output/raw/DueDiligence_flair_DD_20210125_215359.csv
3,l4uhms,Comparing the GME squeeze to the VW squeeze needs to stop.,t3_l4uhms,0.9,1944,1944,top,2021-01-25 21:49:20.000000,horny131313,368,DD,/r/wallstreetbets/comments/l4uhms/comparing_the_gme_squeeze_to_the_vw_squeeze_needs/,https://www.reddit.com/r/wallstreetbets/comments/l4uhms/comparing_the_gme_squeeze_to_the_vw_squeeze_needs/,https://www.reddit.com/r/wallstreetbets/comments/l4uhms/comparing_the_gme_squeeze_to_the_vw_squeeze_needs/,"Disclaimer: I am long gme, not a financial advisor.

Sup retards.

&#x200B;

I have seen a fuckload of people comparing the VW squeeze to the GME squeeze and heres why that is an absolutely retarded thing to do:

&#x200B;

**1) Time and Tech**

* I don't think this REALLY needs to be said, but the VW squeeze happened in 2008. GME squeeze is happening in 2021. There are some key differences here:
   * Quicker trades:  Back in 2008, online brokerages were really just beginning, with a low number of users. That means that things went quite a bit slower than they do now. Instead of months, this squeeze will take weeks.

**2) Players**

* **Retail was not significantly involved in the VW squeeze.** We are seeing massive swings in price because retail is involved, buying, and more importantly **selling** significantly. Also, retail trading of GME calls is leading to increased volatility that just wasn't there in the VW squeeze. **Therefore, comparing the chart of the VW squeeze to the GME chart is just retarded.**

**3) Ratio of shares sold short to available shares**

* **The GME squeeze CANNOT and WILL NOT be bigger than the VW squeeze for one reason: MATH.** In the VW squeeze, the ratio of Available shares to Short shares was 1:12. This means that for every share that was available to cover with, 12 were sold short. **This IS NOT, and NEVER HAS been the case with gamestop. At its peak, gamestop had a ratio of 1:2.56 of available float, and roughly 1:1.07 total float.**
   * Knowing this, mathematically the GME squeeze WILL NOT BE GREATER than the VW one. ~~we will likely see it top off at around 3-500 Maximum.~~
      * Yes, I know that the VW squeeze could've gone higher if it hadn't been for people helping them out of their short positions, but they were in an entirely different situation with a ratio of 1:12 than any of the shorts are with a ratio of 1:2.56 (maximum)

I could go more in depth with this, but I'm not going to. hopefully you guys can understand it.

**TL:DR: GME squeeze IS NOT the VW squeeze and they really** ***CANNOT BE COMPARED ON ANY INTELLECTUALLY HONEST MERIT.***

Comparing the two charts ""guys we are just in the dip, HOLD!!!11!"" is **PURELY CONFIRMATION BIAS and should be taken with a grain of salt.**

&#x200B;

edit: there has been a lot of great discussion in this thread and there is something i'd like to address:

This situation is completely new: we have so many other variables that have never been seen in the market driving this crazy rocket ship, and there is no way to accurately predict a top, bottom, etc on this. Because of this, I have edited out my ""estimation"" of a top, because I think that there is really no way for me to accurately find that number for you guys, and dont want to be misleading. 

Though I tried to use previous short squeezes in history to predict the top by adjusting variables, there is really no way for me to accurately do this, I realize it all comes down to estimation and speculation, and it would be dishonest for me to assert a top without knowing any of this for sure. 

That being said, still dont compare these two squeezes (especially the chart for fucks sake) , and GME ğŸš€ğŸš€ğŸš€ğŸš€ğŸš€ğŸš€ğŸš€ğŸš€ğŸš€ğŸš€",2021-01-25 21:53:59.310834,../output/raw/DueDiligence_flair_DD_20210125_215359.csv
4,l4vw69,Why I'm in on ğŸš€Nokia (NOK) - DD,t3_l4vw69,0.91,1294,1294,top,2021-01-25 22:51:27.000000,Laroxide,254,DD,/r/wallstreetbets/comments/l4vw69/why_im_in_on_nokia_nok_dd/,https://www.reddit.com/r/wallstreetbets/comments/l4vw69/why_im_in_on_nokia_nok_dd/,https://www.reddit.com/r/wallstreetbets/comments/l4vw69/why_im_in_on_nokia_nok_dd/,"I think NOK has great potential to be a diamond runner. They recently ran a successful 5G RAN trial which uses Artificial Intelligence and Machine Learning which gives real time data and traffic bandwidth.

## Nokia completes 5G RAN architecture trial

Nokia and China Mobile (CMCC) last week announced that they have successfully completed live trials of an AI-powered radio access network (RAN) over CMCCâ€™s network.Â 

Utilizing CMCCâ€™s 4G and 5G networks, the companies completed an AI-based real-time user equipment (UE) traffic bandwidth forecast trial in Shanghai as well as a network anomaly detection trial in Taiyuan, the capital city of Chinaâ€™s Shanxi province.

Nokia and China Mobile (CMCC) last week announced that they have successfully completed live trials of an AI-powered radio access network (RAN) over CMCCâ€™s network.Â 

Utilizing CMCCâ€™s 4G and 5G networks, the companies completed an AI-based real-time user equipment (UE) traffic bandwidth forecast trial in Shanghai as well as a network anomaly detection trial in Taiyuan, the capital city of Chinaâ€™s Shanxi province.

\_\_\_\_\_\_\_\_\_\_\_\_\_\_\_\_\_\_\_\_\_\_\_\_\_\_\_\_\_\_\_\_\_\_\_\_\_\_\_\_\_\_\_\_\_\_\_\_\_\_\_\_\_\_\_\_\_\_\_\_\_\_\_\_\_\_\_\_\_\_\_\_\_\_\_\_\_\_\_\_\_\_\_\_\_\_\_\_\_\_\_\_\_\_\_\_\_\_\_\_\_\_\_\_\_

Nokia recently renewed their 5-year contract with T-Mobile

## T-Mobile awards Nokia with five-year deal

T-Mobile awarded five-year deals to both Ericsson and Nokia for the continued rollout of its 5G network, but didnâ€™t specify how much the deals are worth other than to say theyâ€™re â€œmulti-billion-dollarâ€ agreements.

T-Mobile last year closed its merger with Sprint, which also used Samsung network gear, but it doesnâ€™t appear that work is carrying over to the newly combined T-Mobile.

â€œT-Mobile already has the largest 5G network in the country,â€ said T-Mobile President of Technology Neville Ray in a statement. â€œThese agreements with our longstanding 5G partners Nokia and Ericsson will help us take our 5G leadership even further, delivering ever-better experiences for our customers for years to come.â€

[According to Nokia](https://www.nokia.com/about-us/news/releases/2021/01/14/nokia-supports-t-mobile-5g-evolution-with-five-year-expansion-deal/), it will continue to expand T-Mobileâ€™s Extended Range (low-band) 5G coverage while also supplying macro and small cells across T-Mobileâ€™s low, mid-band and millimeter wave spectrum, in addition to Massive MIMO in the 2.5 GHz band.

Nokia said the outlook it provided last fall included the expected impact of this deal with T-Mobile, so it doesnâ€™t change that guidance.

Nokia in particular can use some good news in the network supply arena. Last fall, Nokia CEO Pekka Lundmark warned of expected financial challenges in 2021 and indicated plans to invest heavily in 5G. Itâ€™s been widely speculated that Nokia lost a $6.6 billion 5G contract with Verizon last year when the U.S. carrier insteadÂ [chose Samsung](https://www.fiercewireless.com/financial/samsung-scores-6b-network-deal-verizon).

&#x200B;

They even have more deals and contracts here: [https://www.nokia.com/networks/5g/5g-contracts/](https://www.nokia.com/networks/5g/5g-contracts/)

\_\_\_\_\_\_\_\_\_\_\_\_\_\_\_\_\_\_\_\_\_\_\_\_\_\_\_\_\_\_\_\_\_\_\_\_\_\_\_\_\_\_\_\_\_\_\_\_\_\_\_\_\_\_\_\_\_\_\_\_\_\_\_\_\_\_\_\_\_\_\_\_\_\_\_\_\_\_\_\_\_\_\_\_\_\_\_\_\_\_\_\_\_\_\_\_\_\_\_\_\_\_\_\_\_

## Nokia pilots first in the world 4G and 5G fixed wireless access network slicing

NokiaÂ successfullyÂ piloted 4G and 5G fixed wireless access (FWA) network slicing with Saudi Arabian telecommunications services provider,Â Mobily on their live commercial network.

* First-ever network slicing trial on a live commercial network showcases fixed wireless access (FWA) slicing use case for the first time
* The pilot will enableÂ new services and high-quality customer experience to consumers and enterprises inÂ Saudi Arabia
* Nokia is first vendor to deploy 4G and 5G network slicing in live multi-vendor network across all domains, including access, transport and core
* Its the first sliced FWA deployment in the world.
* With the Nokia slicing solution Mobily can divide its network into multiple virtual networks and offer FWA service tiers and premium services to its customers utilizing advanced network resource allocation mechanisms.
* Nokiaâ€™s customers are already working on a variety of slicing use cases including enterprise applications, transportation, manufacturing, utilities, public safety and smart city applications.

\_\_\_\_\_\_\_\_\_\_\_\_\_\_\_\_\_\_\_\_\_\_\_\_\_\_\_\_\_\_\_\_\_\_\_\_\_\_\_\_\_\_\_\_\_\_\_\_\_\_\_\_\_\_\_\_\_\_\_\_\_\_\_\_\_\_\_\_\_\_\_\_\_\_\_\_\_\_\_\_\_\_\_\_\_\_\_\_\_\_\_\_\_\_\_\_\_\_\_\_\_\_\_\_\_

# Why I think this stock has the potential to run

In 2020 NASA awarded Nokia (NOK) first mobile cellular network on the moon. Stocks pertaining to the Space economy are a new emerging sector right now. You're seeing all these Space ETFS coming into the market. This new emerging space economy is worth around $2 trillion. Now, you probably know what I'm going to say next in case you don't let me tell you!

The new CEO has been recently aiming focus on 5G, 5G will be needed to aid self driving cars etc. But one thing that's bigger than that is being able to connect to the internet any where in the world, perhaps via satellite in space. As a company, this could open a variety of new opportunities for NOK in this emerging $2 trillion space economy.

[https://www.nokia.com/about-us/news/releases/2020/10/19/nokia-selected-by-nasa-to-build-first-ever-cellular-network-on-the-moon/](https://www.nokia.com/about-us/news/releases/2020/10/19/nokia-selected-by-nasa-to-build-first-ever-cellular-network-on-the-moon/)

Our target is the moon! ğŸš€ğŸš€ğŸš€ğŸš€ğŸš€ğŸš€ğŸš€ğŸš€

Position: 2x $7 Call 1/20/2023 and a couple hundred shares

Disclaimer:  This is for entertainment purposes only. I am not a legal, tax or financial professional. This is not the suggestion of any trades or positions to take on. Investing carries risk, please do not invest until you understand those risks. ",2021-01-25 21:53:59.310834,../output/raw/DueDiligence_flair_DD_20210125_215359.csv
5,l528pz,GME EndGame part 3: A new opponent enters the ring,t3_l528pz,0.99,3001,3001,top,2021-01-26 03:52:36.000000,FatAspirations,360,DD,/r/wallstreetbets/comments/l528pz/gme_endgame_part_3_a_new_opponent_enters_the_ring/,https://www.reddit.com/r/wallstreetbets/comments/l528pz/gme_endgame_part_3_a_new_opponent_enters_the_ring/,https://www.reddit.com/r/wallstreetbets/comments/l528pz/gme_endgame_part_3_a_new_opponent_enters_the_ring/," 

Wow - what a week. This is an extension of my DD series on GME. If you havenâ€™t read them and have time, they will provide some background on my previous predictions, some of which have already come true. 

# Previous Important Posts

* [EndGame Part 1](https://www.reddit.com/r/wallstreetbets/comments/kwb827/gme_endgame_dtc_infinity/) (DTC Infinity) covered the short positions, the float, and potential snowball impacts of increasing prices, and argued that part of the reason that shorts havenâ€™t closed was that it was pretty much impossible for shorts to close 
* [EndGame Part 2](https://www.reddit.com/r/wallstreetbets/comments/l0czgs/gme_endgame_part_2_cohen_market_cap_potential/) covered Cohen, fair market cap analysis, and potential investors, in which I talked about the amazing mid-to-long term potential for GME. 
* After the Citron tweet, I shared this [fan fiction on what looked like blatant market manipulation by shorts](https://www.reddit.com/r/wallstreetbets/comments/l1tg88/gme_how_shorts_manipulated_you_and_how_you_can_be/) on the day of the tweet, and offered some education on strengthening your position. This one got buried and is worth reading. 

# Whatâ€™s happened thus far

### Why did GME go up on Friday? 

The story here is more complex than paid media articles would like you to believe. GME has been driven up by 3 different forces: 

* Organic buying
   * There is a mixture of growing positive sentiment in the investor world (not just WSB) about GMEâ€™s future
   * Thereâ€™s been a lot of good due diligence shared not just on WSB but even outside (for example, see gmedd.com)
   * The Citron Backfire
      * Shorts were on the ropes and kept looking for hail maryâ€™s. They went to Citron and [coordinated a dump](https://www.reddit.com/r/wallstreetbets/comments/l1tg88/gme_how_shorts_manipulated_you_and_how_you_can_be/) to try to bring the price down.
      * However, this backfired. Citron is so disliked in the industry that new wealth poured into GME in the face of Andrew Leftâ€™s pleas. Even when Benzinga brought Andrew Left on air, **minutes after he left** [they bought shares live on their show](https://youtu.be/mFiFWBrE5DE?t=5104)**.** 
      * The next day, our very on u/Uberkikz11 [was on Benzinga](https://youtu.be/GLzTU87MJMM?t=837) and more shares were bought. 
   * Larger investors piling in
      * In my [EndGame Part 2](https://www.reddit.com/r/wallstreetbets/comments/l0czgs/gme_endgame_part_2_cohen_market_cap_potential/), I hypothesized that weâ€™d soon see larger investors pile in. Then, on WSB, we saw posts from a [venture capitalist](https://www.reddit.com/r/wallstreetbets/comments/l0yzb5/a_venture_capital_perspective_on_gme/) as well as a [hedge fund investor](https://www.reddit.com/r/wallstreetbets/comments/l2zk5e/a_hedge_fund_managers_perspective_on_gme/)
* Gamma squeeze
   * Once the organic buying started, we rolled into a gamma squeeze. Many people written about the gamma squeeze so I wonâ€™t repeat, see [this post](https://www.reddit.com/r/wallstreetbets/comments/l2t9bf/gme_i_think_this_is_a_gamma_squeeze_where_dealers/) for an example. 
* Ultra low liquidity - In EndGame part 1, I talked about how the actual actively traded shares are much lower than the reported float, and **share availability has been reducing** driven by lots of diamond hands, not just among smaller guys like us but the larger folks too. 
* I believe there were some short covers on Friday, but Ortex was still estimating 71M shares short at the eod. 

However, not many people have talked about why it **went down**

### Why did GME come down? 

Hereâ€™s where things got interesting for me, and something I think happened again today (Monday) when GME climbed up over 100% but then had a rapid reversal, closing 20% above yesterday but closing below open. 

So Friday looked like a slam dunk - gamma squeeze, no shorts available to short, puts were getting exceedingly expensive as a short tactic. What happened?

This is my fan fiction, based on what I saw.

**I believe** [**market-makers**](https://www.nyse.com/markets/nyse/membership) **took a non-neutral stance and began actively shorting the stock after the second halt.** 

Market-makers are responsible for maintaining liquidity and functioning in the stock market, but they also have abilities that others donâ€™t - for example they are legally allowed to naked short for â€œliquidity purposesâ€. They also have the ability to halt trading. 

There were two halts in the day on Friday: First, when GME was up 69% (heh heh), and then a few minutes later when it kept climbing after the first halt was relaxed. Note that at the time of the first halt, the **bid-ask spread was $10 on the underlying** a huge signal that there just were not enough shares to buy.

However, after the second halt, something strange happened. Whereas a few minutes prior, there were no sellers willing to sell their shares below $75, **within 15 minutes** after the halt there were sellers at 70, 65, 60, and 56. Where did these sellers come from? 

&#x200B;

[Incredible momentum reversal on Friday 1\/22 to push the price not too far above the 60c strike price. ](https://preview.redd.it/tt5zodp6pkd61.png?width=704&format=png&auto=webp&s=fa22980543213227bf5b3d17166129ac6cb65a65)

My speculation? This was a coordinated **naked short ladder attack**. In this type of attack, short seller A sells to short seller B, who then turns around to short seller A at a lower price, etc. and with a **very small amount of capital** you can wreck the momentum of a stock and make people think that others are running for the exits.

Notice how the stock dropped from a high of $75 on Friday to below 60 - the highest expiring SP for the 1/22 options, and stayed tight in range for the rest of the day. Now, for compliance reasons, MM are required to be neutral by EOD, so 20 minutes before close, MMs had to buy back all their short positions, which led to the strong close above 60.

All this led me to believe that the **real fair market price for GME was above $65.** Without the market makers interference, GME would have closed higher. 

### A repeat on Monday

The short ladder attack repeated on Monday. 

GME opened strong above $90, and quickly climbed to **a high above $155** before it was halted, immediately after the halt, a **short ladder attack again** drove the price down 

&#x200B;

[Dejavu - Incredible Momentum Reversal after trading halts. ](https://preview.redd.it/qm81rd0dpkd61.png?width=637&format=png&auto=webp&s=4b4563e7dd2e626fb09dca69668c24631932e707)

Both days, there **were rapid and significant reversals in momentum.** 

Now, I kept wondering - why would MMâ€™s take the side of the shorts? Whatâ€™s in it for them? One theory was that they were not adequately hedged, with the low liquidity of the stock meaning that the price was moving up too fast for them to acquire the shares they needed to. 

But then the news hit today: 

# A new opponent enters the ring:

&#x200B;

https://preview.redd.it/8htb0scgpkd61.png?width=926&format=png&auto=webp&s=228a8a84e592ea4642a61c5e07e07ae344ac8f2c

Thatâ€™s right, the **same Citadel** [**listed by the NYSE as one of their designated market makers**](https://www.nyse.com/markets/nyse/membership) is now invested in Melvinâ€™s hedge fund and has a financial interest in the direction of GMEâ€™s share price. 

**Hey media - you want a manipulation story? Youâ€™re missing the big one.** 

# Now what? 

Shorts have pulled new dirty tactics each time theyâ€™ve been pushed to the edge. Paid media attacks, Citronâ€™s fluff tweet + coordinated shorting, and now theyâ€™ve got the **actual people who get all the order flow on their side.** 

On the other hand, GME is still up over 20% and now trading at $88.00 after hours, which is well above the previous dayâ€™s high. 

&#x200B;

https://preview.redd.it/rr5qet4ipkd61.png?width=724&format=png&auto=webp&s=96d28bf446a714906712503726f5903a681d5368

What this tells me is that GMEâ€™s **true price is still being suppressed**. They are using every tactic possible, even changing the [bid-ask spread rules](https://thefly.com/permalinks/entry.php/id3233043/GME;IRBT-NYSE-changes-bidask-differentials-on-options-for-GameStop-iRobot) on options to specifically target retailâ€™s buying of options. 

Weâ€™re now playing the game against the folks who write the rules of the game. 

Some shorts may have covered today - with prices below $60 at one point they had some great opportunities to. However, there is **no way all of the shorts who need to exit covered today.** 

The short position still lost 20% from yesterday. Theyâ€™ve got more fingers in the dam, but itâ€™s definitely cracking. Also, **every call option purchased prior to 1/25 is ITM and profitable,** while **every put option purchased prior to 1/25 is OTM.**

And, for some reason, the SEC still doesnâ€™t want to enforce the threshold securities list for GME, where itâ€™s now **been on for more than 30 days in a highly covered â€œshort squeezeâ€.**

&#x200B;

https://preview.redd.it/rbrf6khjpkd61.png?width=936&format=png&auto=webp&s=7e4f432ff02dbf475a03cc68c54a5a0f5f0de429

# Margin impacts:

Note that at this point, most brokers have increased margin on GME. This means that people that are long or short on margin will need to put up capital to hold their positions. 

This also means **puts will get more expensive** as people who sell puts will have to maintain 100% of the notional in their accounts to secure the put, so MMs will have fewer retail sellers of puts to absorb the demand. 

That means itâ€™s not a bad idea to sell puts to acquire shares if youâ€™re aiming for the long-term and not the squeeze, but keep in mind youâ€™ll need the exact same capital as if youâ€™d bought the shares, so itâ€™s up to you on this. 

For shorts, a margin increase while the price is moving against you (even with retracements) is no good. 

# My speculation

* Cohen and the GME board have been strangely silent this entire run. Itâ€™s possible they canâ€™t say anything at all during the pre-earnings quiet period, but Iâ€™m sure they can see whatâ€™s happening. 
* MMs will continue to play dirty, but at the same time they will need to continue to need to buy GME shares to delta hedge 1/29 and later ITM options as we get closer to expiry. 

# Things to be careful about

As you can see, this is no easy win. I've been in GME for a few months but I've seen almost every trick in the book. In addition to the [suggestions I wrote about in this post](https://www.reddit.com/r/wallstreetbets/comments/l1tg88/gme_how_shorts_manipulated_you_and_how_you_can_be/), hereâ€™s some things to be careful about. 

* **Be careful about swapping ITM calls for OTM calls:** it can be tempting to trade-up your options for higher return, but be mindful of the delta impact. You may actually be driving the sale of shares by MMs when you donâ€™t mean to. For example, if you sell a .5 delta call for 2 .2 delta calls, thatâ€™s net reduction of 10 shares that MMs have to hold long as leverage. 
* **Be careful about being short any calls this week:** Not only do you limit your upside (which is dumb in the prospect of a squeeze), you could end up in a nightmare scenario. A call that ends OTM on Friday could end up ITM after hours if you didnâ€™t sell it, and you may get assigned while the underlying continues to go up. 
* **There are a few other dirty tactics shorts can play.** Iâ€™m not specifically going to share them here because I donâ€™t want to give the ideas circulation, but 
   * **Choose your own limit sells based on personal sell points.** Donâ€™t copy others and donâ€™t try to be memey. Make your own decisions. 
   * **Stop sharing your positions publicly.** I know this is anti-wsb, and I think sharing them is great for this community, but in the case of GME itâ€™s an **attack vector** for you. 
* **Be careful of holding weeklies until expiration.** Remember the multiple trading halts? What if trading gets halted on Friday at 2pm and doesnâ€™t resume for the rest of the day? **All your 1/29 calls would expire worthless. Depending on your broker and your cash positions, maybe even your ITM ones.** Roll (or sell, if youâ€™re taking profits) your weeklies well before expiration. 
* **Be careful about buying on margin.** Brokers are rapidly increasing margins. If you bought on margin with 2:1 leverage, and the stock went up 100%, youâ€™d be in margin call even without a margin change. If the broker moves margin against you, youâ€™ll get to margin call faster. 
* **Donâ€™t bet more than you can afford to lose.** Iâ€™ve been in GME long enough to know that just when you think going up is a sure thing (remember last Monday with the short sale restriction?), you can be surprised by a new trick. If you bet it all on weeklies all at once, you may not be able to recover from being wrong on the timing. Consider longer expiry or spreading your purchases out. Iâ€™ve held through multiple 30-40% drawdowns in the underlying; and **held through a 50% drawdown today**, so you need to be ready for the volatility. 
* **Watch out for stop loss hunts.** Itâ€™s common practice for shorts to hunt for stop losses for cheap shares. If youâ€™ve set a stop loss, be really sure about it. 

This is not financial advice; do your own DD. Iâ€™m holding over $1M in shares and calls.",2021-01-25 21:53:59.310834,../output/raw/DueDiligence_flair_DD_20210125_215359.csv
6,l4x1yx,$NOK Next stock to blow,t3_l4x1yx,0.88,1002,1002,top,2021-01-25 23:43:34.000000,TheTechWick,238,DD,/r/wallstreetbets/comments/l4x1yx/nok_next_stock_to_blow/,https://www.reddit.com/r/wallstreetbets/comments/l4x1yx/nok_next_stock_to_blow/,https://www.reddit.com/r/wallstreetbets/comments/l4x1yx/nok_next_stock_to_blow/,"&lt;TL:DR at bottom if you can't read&gt;

This is why Nokia will boom in 2021. Like $BB, it is no longer a phone company, but is now a major contender in 5G, autonomous driving, AI tech and cyber security. In fact, it almost sounds like a better blackberry with more upside potential. $NOK is trading at $4.75 at the time of writing. It saw a steady decline since it's previous high of $5 in August of 2020, but has since recovered in the last 4 months. 

The reason for the initial selloff was a corporate decision to cut jobs to free up cashflow for large projects going forward. At this time they also halted dividends which pissed off some older retirees, as expected. Now here is the various reason this stock can deliver massive returns in the next 12-36 months.

**Selected for U.S. Federal 5G Security Project**

The project is to ensure a secure transition from 4G to 5G because of the various risks perceived by the general public, to whom security comes above all else. Nokia will provide both software and hardware solutions, and work with both NCCoE and Government to implement.

**Nokia wins Belgian 5G contracts as Huawei ousted**

To put it short, Nokia was chosen to implement 5G technology in Belgium as US continued to put pressure on literally everyone to end business with Huawei over potential security threats.

**5 Year Deal with T-Mobile**

T-Mobile will be using Nokia's Airscale Radio Platform to scale up 5G deployment. As well as this, Nokia will personally facilitate T-Mobiles upgrade from LTE to 5G, which is by all means a large project

**Partnership with Google Cloud**

Googles cloud computing services will be working together with Nokia to help businesses transform their network connectivity through the implementation of 5G and new cloud capabilities.

**Contract Secured with Tele2 in Sweden**

The amount has not been disclosed but it involves deploying 5G infrastructure for Tele2 subscribers in Sweden, to improve network performance and security. They will also use Nokia's NetAct Cloud Management system to improve management and security of sensitive subscriber data.

**Partnership with M1 to build Singapore 5G Ecosystem**

Together with M1, Nokia will implement their 5G standalone core to deliver advanced network capabilities to Singapore. The 5G Standalone core tech allows operators to design and automate network slices to further development of unmanned aerial or road vehicles, remote operations, wireless e-health, etc...

TL:DR

Nokia is not a phone Company. Major contender in the 5G space, cybersecurity AND AI autonomous vehicle operation. Partnerships with other large companies in both the US and abroad have set the stage for NOKIA to dominate 5G, which has the potential to see more growth than any other industry in 2021. Also have more upside potential as Huawei continues to lose contracts due to US pressure and potential security threats.

***Edit***
Disclaimer: This is not investment advice. Please do your own research and make educated decisions, I am not an advisor.

Positions
Jan 21/22 $5C & Shares",2021-01-25 21:53:59.310834,../output/raw/DueDiligence_flair_DD_20210125_215359.csv
7,l4qkvf,CALLaway Part 8 (Part 2),t3_l4qkvf,0.97,889,889,top,2021-01-25 18:53:26.000000,PlatNoFeatures,86,DD,/r/wallstreetbets/comments/l4qkvf/callaway_part_8_part_2/,https://www.reddit.com/r/wallstreetbets/comments/l4qkvf/callaway_part_8_part_2/,https://www.reddit.com/r/wallstreetbets/comments/l4qkvf/callaway_part_8_part_2/,"I had my last post taken down for being inappropriate, so I cleaned up a little. Mods if you take down again please message me as to why, so we can sort it out. Regardless, here we go again:

You beautiful mouth-breathing, anime-loving nerds! We just hit 30 on the one and only **CALLaway ($ELY)!!!** As is tradition, **we are talking about a $2.5 billion market cap company that has $1.7+ billion revenues of their own and just bought Topgolf, which has revenues of $1.1+ billion and growing at ridiculous levels! ğŸš€**

I have some research briefs from Jefferies and Stephens from this month that I am currently digging through, and I will eventually pass on some of their findings, which seem very bullish. We are back to focusing on some DD featured by you gifted people.

[u/loocsinivek](https://www.reddit.com/user/loocsinivek/) made his own post over the weekend, which can be seen [here](https://www.reddit.com/r/wallstreetbets/comments/l36msp/callaway_topglof_dd_ely/), and his big takeaway:

>Think of this stock as a under hyped and under valued IPO for Topgolf. Strong balance sheet, absolute market dominance, huge growth potential with virtually zero downside at today's price, buy buy buy.

[u/Andrewiscute](https://www.reddit.com/user/Andrewiscute) mentioned the following in response to Toptracer tech:

>I listened to the investor call. 80% ranges report revenues up 25% or more within 3 months of installation. At the call time there were 800 ranges on waitlists for installation and they are already in 30 countries. Top tracer is a very nice cherry on their business.

[u/joe\_schmoe420](https://www.reddit.com/user/joe_schmoe420) mentioned:

>The place is always boomin like a trap house on north street. They serve alcohol. That alone gets people more confident to waste money. And its a golfing experience way more fun than a driving range you sneak beers and joints into.Keep in mind the biggest thing I always look at with it. You can put a topgolf in a space that is miniscule compared to that of a real golf course. What does that mean? You can find room to put one of these fuckers in nearly every big city.

This is beautiful. We are finally getting eyes on this!!!!

**TLDR: $ELY to the moon ğŸš€ğŸŒ™**

Edit 1: huge broad market dump took us down a bit, but we are still green and burning up!

Edit 2: watch out for part 9 tomorrow around 10:00 AM EDT

Part 1: [https://www.reddit.com/r/wallstreetbets/comments/kwo5p5/callaway/](https://www.reddit.com/r/wallstreetbets/comments/kwo5p5/callaway/)

Part 2: [https://www.reddit.com/r/wallstreetbets/comments/kx7sh6/callaway\_part\_2/](https://www.reddit.com/r/wallstreetbets/comments/kx7sh6/callaway_part_2/)

Part 3: [https://www.reddit.com/r/wallstreetbets/comments/kxxd4q/callaway\_part\_3/](https://www.reddit.com/r/wallstreetbets/comments/kxxd4q/callaway_part_3/)

Part 4: [https://www.reddit.com/r/wallstreetbets/comments/l0l5xi/callaway\_part\_4/](https://www.reddit.com/r/wallstreetbets/comments/l0l5xi/callaway_part_4/)

Part 5: [https://www.reddit.com/r/wallstreetbets/comments/l1b583/callaway\_part\_5/](https://www.reddit.com/r/wallstreetbets/comments/l1b583/callaway_part_5/)

Part 6: [https://www.reddit.com/r/wallstreetbets/comments/l20bd1/callaway\_part\_6/](https://www.reddit.com/r/wallstreetbets/comments/l20bd1/callaway_part_6/)

Part 7: [https://www.reddit.com/r/wallstreetbets/comments/l2pi0h/callaway\_part\_7/](https://www.reddit.com/r/wallstreetbets/comments/l2pi0h/callaway_part_7/)",2021-01-25 21:53:59.310834,../output/raw/DueDiligence_flair_DD_20210125_215359.csv
8,l4hnrh,GME insider quiet period (ie insiders canâ€™t sell right now)! ğŸš€ğŸš€ğŸš€,t3_l4hnrh,0.98,835,835,top,2021-01-25 09:17:49.000000,AllCatCoverBand,167,DD,/r/wallstreetbets/comments/l4hnrh/gme_insider_quiet_period_ie_insiders_cant_sell/,https://www.reddit.com/r/wallstreetbets/comments/l4hnrh/gme_insider_quiet_period_ie_insiders_cant_sell/,https://www.reddit.com/r/wallstreetbets/comments/l4hnrh/gme_insider_quiet_period_ie_insiders_cant_sell/,"Citron said in his video that a squeeze canâ€™t happen if insiders keep selling, but insiders (likely) CAN NOT sell company issued stock because of end of fiscal quarter lockup/blackout period, which usually extends until earnings are reported (weeks/months from now!). 

TLDR - no insider selling means more ğŸš€ğŸš€ğŸš€ğŸš€ğŸš€ fuel because paper handed insiders canâ€™t give in to the shorts even if they wanted to.

Alright listen up. I did a quick search on WSB and didnâ€™t see any hits actually talking about what is known as a â€œquiet periodâ€ or â€œblackoutâ€ for corporate stock trades in relation to insiders selling their company issues GME stock.

You NEED to know this to understand one of the big points that Citron made is complete BS in the short term (insiders creating liquidity for shorts).

Iâ€™m assuming that many WSBers have never received stock based compensation and may not know the general corporate governance rules around them that many (most/all?) companies impose on their insiders. Hereâ€™s a quick education in that and a summary of what it (might) mean for GME.

Obligatory disclaimer: Iâ€™m not a financial advisor and I am long GME.

First: what is stock based compensation?

This is exactly what it sounds like, when as part of your comp for being a good employee, you get some sort of stock with some sort of conditions attached. There are many different flavors of this that are important.

options - these give you the right to buy stock at some fixed price, known as a strike price, which may be significantly below than market value (good!). There are many different types of option (eg ISO, NQ), but at the end of the day most are a discount coupon for cheap below market stock values. These are common for preIPO companies. Youâ€™ll see these in the world of SPACs, for example, as warrants.

RSU: restricted stock units - these are literally shares, given almost like cash. More common for post IPO companies.

PRSU: performance RSUs - usually tied to some job performance goal, such as hitting a certain amount of revenue or other measurable goal.

Almost all stock based compensation comes with conditions, such as complying with whatever is in the associated company stock/equity plan. These are usually things like time vesting, which simply means that you canâ€™t take stock and run but rather have to let it vest over a period of months/years.

From the wallst perspective, stock comp is reported as an expense, so youâ€™ll see it in financial disclosures and investor presentations from time to time.

Second: how do companies ensure these incentives donâ€™t hurt them or other shareholders?

This is critically important. Besides making sure there are clear policies on vesting and such, companies need to make sure that insiders do not use their company granted stock to hurt themselves or other shareholders, by performing trades during times when the employees may have critical information that the public does not. 

This is usually wrapped up in an insider trading policy.

Now, when WSB usually thinks about insider trading, you may think some hot head exec tipping off their golf buddy that the stock is about to crash (or pop) and they should act accordingly. Yes, thatâ€™s insider trading; however, there is a more mundane version which is insiders who might have a general idea if earnings are going to be good or bad and making trades of their own company stock to profit themselves.

To protect against that, companies will often place quiet periods / trading blackouts BEFORE THE END OF A QUARTER, often by weeks at a time, AND EXTEND THAT BLACKOUT THROUGH EARNINGS REPORT DAY.

READ: end of GME quarter is THIS MONTH, meaning it is incredibly likely that all GME issued stock owned by insiders is locked up under the corporate blackout.

This is almost certainly why you donâ€™t see RC or anyone else from GME saying anything right now, due to quiet period.

In practical terms, GME would likely partner with a trading platform to administer stock grants, such as E*TRADE (which is common). The stock admin at GME would communicate blackout dates to E*TRADE (in this example), and During these dates, all of the sell functions in that stock plan account would be disabled.

READ: GME insiders see their stock plan values going through the roof right now, and CAN NOT SELL because of corporate blackout. This means the shorts canâ€™t cover with insider liquidity like Citron said.

Since these blackouts usually extend thru earnings, and that is weeks/month away, those shares would be unavailable to bail out the shorts for paper handed insiders.

SUMMARY
Citron said short squeeze canâ€™t happen when insiders are selling .... Insiders (very likely) canâ€™t sell because of end of quarter blackout. 

This should be common knowledge for Citron and other shorts. Anyone else on here who has dealt with stock based comp, please do sanity check me here and Iâ€™m happy to edit and refine.

Edit: This is ğŸš€ğŸš€ğŸš€ğŸš€ fuel , since this means yet more of the outstanding shares that are inaccessible to cover shorts.",2021-01-25 21:53:59.310834,../output/raw/DueDiligence_flair_DD_20210125_215359.csv
9,l4eyh3,$BB $GME hype thesis appendix,t3_l4eyh3,0.95,764,764,top,2021-01-25 06:31:23.000000,According-2-Me,290,DD,/r/wallstreetbets/comments/l4eyh3/bb_gme_hype_thesis_appendix/,https://www.reddit.com/r/wallstreetbets/comments/l4eyh3/bb_gme_hype_thesis_appendix/,https://www.reddit.com/r/wallstreetbets/comments/l4eyh3/bb_gme_hype_thesis_appendix/,"Fellow ğŸš€ğŸ’âœ‹: if you like money listen up

$GME has been a huge meme stock with the Gamma squeeze on Friday and the pending short squeeze upcoming this or next week. $BB is being overshadowed by $GME. 

When $GME inevitably falls back to earth after the squeeze, many newly minted millionaires will be looking for the next big thing. And that is $BB

$BB is very similar to $GME as it is a company that was huge in its time, currently is falling apart, but has a potentially bright future.

APPENDIX:
[DD on $BB](https://www.reddit.com/r/wallstreetbets/comments/l0a1p5/the_full_dd_on_bb_an_elon_muskjeff_bezos_sandwich/?utm_source=share&amp;amp;utm_medium=ios_app&amp;amp;utm_name=iossmf)
â€”â€”
[Why $BB will pop short term](https://www.reddit.com/r/wallstreetbets/comments/l44d6y/bb_will_moon_in_the_short_term_but_not_because_of/?utm_source=share&amp;amp;utm_medium=ios_app&amp;amp;utm_name=iossmf)
â€”â€”
[ ğŸŒˆğŸ» $BB DD ](https://www.reddit.com/r/wallstreetbets/comments/l3vs7e/bb_bear_dd_the_case_against_qnx/?utm_source=share&amp;amp;utm_medium=ios_app&amp;amp;utm_name=iossmf)

TL; DR: $BB is where everyone will go after $GME if not already 

Positions: $GME 100 shares @$65.24
$BB 1000 shares market order for Monday

Obligatory ğŸš€ğŸš€ğŸš€ğŸš€ğŸš€ğŸš€

Edit: lol Iâ€™ve just been 2-day banned for mentioning â€œAM seeâ€, so donâ€™t expect any responses until Wednesday 

Edit: Gold, wow, thank you!",2021-01-25 21:53:59.310834,../output/raw/DueDiligence_flair_DD_20210125_215359.csv
10,l4w2f7,Why $NOK is Moving Today,t3_l4w2f7,0.9,610,610,top,2021-01-25 22:59:22.000000,mike6r,111,DD,/r/wallstreetbets/comments/l4w2f7/why_nok_is_moving_today/,https://www.reddit.com/r/wallstreetbets/comments/l4w2f7/why_nok_is_moving_today/,https://www.reddit.com/r/wallstreetbets/comments/l4w2f7/why_nok_is_moving_today/,"Last discussion post was taken down so fuck it, I'll make a DD.

For context, I've linked my previous post on Friday of last week. In it, I highlighted why I believed that $NOK was highly undervalued and laid out my reasoning for believing so. In this post, I will aim to highlight how the spike in the price of $NOK stock today should be somewhat alarming. It is not my intention to tell you to buy this stock, nor calls of this stock. I simply want to make the community aware of this stock, and highlight it's recent developments, as it doesn't seem like many are informed.

[https://www.reddit.com/r/wallstreetbets/comments/l2tt4o/noks\_massive\_innovation\_in\_the\_5g\_war/](https://www.reddit.com/r/wallstreetbets/comments/l2tt4o/noks_massive_innovation_in_the_5g_war/)

If you don't feel like reading my last DD, I'll do my best to catch you up to speed. If you've already read it, you can skip this part. On January 20th, Nokia announced their recent development and and first successful pilot of 5G FWA, or ""Fixed Wireless Access"", which will allow for extremely fast broadband via 5G. This is significant, as the market for fast broadband is currently restricted to primarily urban environments via fiber optics and other forms of physical gateways. FWA will allow for extremely high bandwidth to large areas, especially rural, which is a market that is somewhat untapped due to the inconvenience and unprofitability of laying down the infrastructure to such areas. As a result, I firmly believe that Nokia will be able to make contracts with mobile carriers and other tech giants for the use of this new technology.

Let me restate this; I am NOT telling you to invest in $NOK. I will be, but I strongly suggest doing your own research before making a decision. My aim is to provide information that has seemed to be overlooked, in hopes of allowing some of you to better understand what has been going on within 5G tech companies, and (possibly) why $NOK jumped \~12% today.

One thing I felt that I could have elaborated on a bit more in my last post was Nokia's competitors. If they've been able to develop and pilot this tech, what's going on with their competitors? Their major competitors (in the 5G market) are Ericsson ($ERIC), and Huawei.

Lets start with Huawei. Huawei has been in some heat for a while now, especially with the US Government. Huawei currently hold the most patents for 5G technology, but the pressure from the US Government due to cybersecurity concerns has caused backlash and a drop in the viability of their reach of 5G outside of the Chinese market. Further reading: [https://medium.com/swlh/the-competition-for-5g-6aca3eca20c5](https://medium.com/swlh/the-competition-for-5g-6aca3eca20c5)

So what is the US relying on if Huawei is out of the picture? Nokia and Ericsson are their biggest markets right now, so what would influence US companies to chose one over the other?

Ericsson, a company based out of Sweden, has been struggling to compete with the likes of Huawei and Nokia. I'll try not to repeat myself too much, but the company took a massive L in the form of a cost cut and massive layoffs last year, around 18k employees. Furthermore, they had to cut their profit forecasts due to intense competition over 5G. Further reading: [https://www.lightreading.com/5g/ericsson-huawei-and-nokias-5g-wins-are-no-big-deal/a/d-id/757677](https://www.lightreading.com/5g/ericsson-huawei-and-nokias-5g-wins-are-no-big-deal/a/d-id/757677)

Finally, what about Nokia? I've already stated why FWA is such a monumental development for the company, but I'm not the only one to think so. A large reason why the stock jumped 17% today was due to SEB, a large Scandinavian financial institution, whom raised their target price for $NOK from $4.25 to $4.60. The group claimed that compared to aforementioned Ericsson, Nokia's stock was undervalued, which caused for the spike seen today. Further reading: [https://www.fool.com/investing/2021/01/25/why-nokia-stock-jumped-17-on-monday-morning/](https://www.fool.com/investing/2021/01/25/why-nokia-stock-jumped-17-on-monday-morning/)

I'll try and wrap this up, but I hope that I've been able to make my case clear and concise. I am NOT a financial advisor, nor do I claim to have the knowledge of one. However, as seen through the recent article and views of ACTUAL financial advisors and investors, I felt it necessary to provide an update to my previous post, as well as provide a (somewhat) explanation for the price hike.

With that being said, have a great day.

TL;DR: (I believe) $NOK price rose partially due to a raised target price by Scandinavian SEB financial group, as well as recent technological developments in FWA technology.

DISCLAIMER:
As Iâ€™ve previously said, Iâ€™m not a financial advisor, nor should you make trading decisions based solely on the advice from some random dude you saw on Reddit. My purpose is both to entertain as well as provide recent news regarding Nokia and their place within the 5G market. Thought it would be obvious, but had to put here so I donâ€™t get arrested by the SEC or some shit. Take care.


EDIT: TL;DR
EDIT 2: Disclaimer",2021-01-25 21:53:59.310834,../output/raw/DueDiligence_flair_DD_20210125_215359.csv
11,l4zy3d,NOK - THE MOST IMPORTANT COMPANY YOU'RE IGNORING ğŸš€ğŸš€ğŸš€ğŸš€ğŸš€ğŸš€ğŸš€,t3_l4zy3d,0.82,668,668,top,2021-01-26 01:57:27.000000,888NP,189,DD,/r/wallstreetbets/comments/l4zy3d/nok_the_most_important_company_youre_ignoring/,https://www.reddit.com/r/wallstreetbets/comments/l4zy3d/nok_the_most_important_company_youre_ignoring/,https://www.reddit.com/r/wallstreetbets/comments/l4zy3d/nok_the_most_important_company_youre_ignoring/,"ğŸ§ğŸ»ğŸ§ğŸ»ğŸ§ğŸ» Let me tell you all why I think NOK is going to the fucking MOON ğŸš€ğŸš€ğŸš€ğŸš€ğŸš€ğŸš€

1. 5G supercycle is just starting ğŸ˜. You've probably heard about 5G for like 2 years but there weren't any handsets out that actually supported true 5G. Now, however, the iPhone 12 fully supports 5G and so do some Android devices. Now there's consumer supported hardware we're going to start seeing real 5G being deployed.
2. WTF is real 5G? The 5G you see right now is fake. Cell companies basically took shitty old bandwidth and combined it to create the illusion of 5G. Real 5G requires more bandwidth in the form of 'C-band'. The FTC's auction for that just closed and the US wireless carriers alone spent an obscene $80 BILLION to buy that bandwidth ([https://www.satellitetoday.com/5g/2021/01/19/c-band-auction-sets-record-grossing-81m-in-phase-one/](https://www.satellitetoday.com/5g/2021/01/19/c-band-auction-sets-record-grossing-81m-in-phase-one/))
3. So what the fuck does this mean? Basically, all that bandwidth they just spent $80b ğŸ’µğŸ’µğŸ’µğŸ’µ on needs to be deployed. That means buying new equipment and hanging that shit on a bunch of cell towers. Can you guess who makes that equipment? NOKIA. They were actually the first to demonstrate C band in the US ([https://www.nokia.com/about-us/news/releases/2020/06/19/nokia-first-to-demonstrate-live-c-band-network-in-the-us/](https://www.nokia.com/about-us/news/releases/2020/06/19/nokia-first-to-demonstrate-live-c-band-network-in-the-us/))
4. This is going to generate a huge amount of revenue. This article here estimates $3.6b of equipment per carrier ([https://www.lightreading.com/5g/nokia-samsung-ericsson-start-salivating-over-5g-sales-for-c-band/d/d-id/761874](https://www.lightreading.com/5g/nokia-samsung-ericsson-start-salivating-over-5g-sales-for-c-band/d/d-id/761874)). That means the carriers are going to spend upwards of $10B on new 5G equipment in the NEAR-TERM JUST IN THE US.
5. 5G is going to be deployed GLOBALLY ğŸŒ. It is going to unlock incredible use-cases (autonomous vehicles, augmented reality etc) The US alone is a $10b+ opportunity. Then you have China, Europe, and a bunch of other countries that want some good 5G. China Mobile is already working with Nokia (see here: [https://www.thefastmode.com/technology-solutions/18904-nokia-china-mobile-complete-live-trials-of-ai-powered-5g-ran](https://www.thefastmode.com/technology-solutions/18904-nokia-china-mobile-complete-live-trials-of-ai-powered-5g-ran))
6. If you don't understand the importance of NOK, you should look at the actions of the US govt - they are actually trying to buy a stake in the company - NOK is a systemically important global infrastructure provider ([https://www.bloomberg.com/news/articles/2020-09-08/finland-is-building-its-nokia-stake-in-response-to-u-s-interest-ketqcpo7](https://www.bloomberg.com/news/articles/2020-09-08/finland-is-building-its-nokia-stake-in-response-to-u-s-interest-ketqcpo7))
7. In 2019, NOK had just 23B EUR of REVENUES. The 5G opportunity is multiples of that and it's literally just getting started.

My positions:500 $5 Jan 2023 calls ğŸ’ğŸ’ğŸ’ğŸ’ğŸ’ğŸ’ ğŸš€ğŸš€ğŸš€ğŸš€ğŸš€ğŸš€ğŸš€ğŸš€

AS ALWAYS DO YOUR OWN DD THIS IS NOT FINANCIAL ADVICE AND JUST FOR ENTERTAINMENT",2021-01-25 21:53:59.310834,../output/raw/DueDiligence_flair_DD_20210125_215359.csv
12,l4pa2p,$NOK DD comprehensive compilation list ğŸš€ğŸš€ğŸš€,t3_l4pa2p,0.95,364,364,top,2021-01-25 17:49:20.000000,JakcCSGO,67,DD,/r/wallstreetbets/comments/l4pa2p/nok_dd_comprehensive_compilation_list/,https://www.reddit.com/r/wallstreetbets/comments/l4pa2p/nok_dd_comprehensive_compilation_list/,https://www.reddit.com/r/wallstreetbets/comments/l4pa2p/nok_dd_comprehensive_compilation_list/," 

# Some retards asked for $NOK DD. I created a list of of already existing DD on Nokia + the TLDR because you can't read.

&#x200B;

**A Closer Glance at Nokia** 

[https://www.reddit.com/r/wallstreetbets/comments/l47wzb/a\_closer\_glance\_at\_nokia/](https://www.reddit.com/r/wallstreetbets/comments/l47wzb/a_closer_glance_at_nokia/)  


TL;DR Nokia has potential for long term skyward trajectory with its new leadership.

&#x200B;

**Nokia $NOK Debunking common myths. And a look at recent news.**

[https://www.reddit.com/r/wallstreetbets/comments/l3saqr/nokia\_nok\_debunking\_common\_myths\_and\_a\_look\_at/](https://www.reddit.com/r/wallstreetbets/comments/l3saqr/nokia_nok_debunking_common_myths_and_a_look_at/)

TL:DR Nokia is not a phone company. Nokia hired on a new CEO Pekka Lundmark in August of 2020. Nokia and SoftBank claim 5G first for connected cars.There is strong competition in the 5G market, Huawei the global leader, is facing bans across the United States and also **Europe.**

&#x200B;

**Why Nokia is due for a moon landing ğŸš€ğŸš€**

[https://www.reddit.com/r/wallstreetbets/comments/l372qj/why\_nokia\_is\_due\_for\_a\_moon\_landing/](https://www.reddit.com/r/wallstreetbets/comments/l372qj/why_nokia_is_due_for_a_moon_landing/)

TL:DR Undervalued stock, lots of potential, similar to last couple meme stocks, so itâ€™s too the moon ğŸš€ğŸš€ğŸš€ğŸš€ğŸš€ğŸš€

&#x200B;

**NOKâ€™s Massive Innovation in the 5G War**

[https://www.reddit.com/r/wallstreetbets/comments/l2tt4o/noks\_massive\_innovation\_in\_the\_5g\_war/](https://www.reddit.com/r/wallstreetbets/comments/l2tt4o/noks_massive_innovation_in_the_5g_war/)

TLDR; NOK just developed 5G tech that provides massive contract incentives for telecom companies and phone manufacturers.

TLTLDR; NOK = ğŸ’ªğŸ§ , VZ/T ğŸ¥´ğŸ†ğŸ’¦, NOK ğŸ¤ VZ/T, ğŸ“ˆğŸš€ğŸš€ğŸš€ ğŸ’¸ğŸ’¸ğŸ’¸

&#x200B;

**$NOK(ia) DD: one way trip to Bonerville**

[https://www.reddit.com/r/wallstreetbets/comments/l23du0/nokia\_dd\_one\_way\_trip\_to\_bonerville/](https://www.reddit.com/r/wallstreetbets/comments/l23du0/nokia_dd_one_way_trip_to_bonerville/)

TL;DR: They are putting 4G on the moon. My conservative price target

&#x200B;

**$NOK Nokia**

[https://www.reddit.com/r/wallstreetbets/comments/l24mao/nok\_nokia/](https://www.reddit.com/r/wallstreetbets/comments/l24mao/nok_nokia/)

TLDR Chinese budget phones are eating the market alive BUT more and more countries and people have been concerned about privacy and security, you see?ğŸ‘€ There is what Nokia is just doing filling the gap budget Chinese companies left behind the opportunity to just REMPLACE the Chinese at EU and US market

&#x200B;

 ğŸ’¹Position:  
1000 shares at 3,80â‚¬ cause iam eurotrash",2021-01-25 21:53:59.310834,../output/raw/DueDiligence_flair_DD_20210125_215359.csv
13,l4mshy,GME Options Chain Update: Gamma Squeeze and New Strikes,t3_l4mshy,0.99,337,337,top,2021-01-25 15:20:14.000000,StarSwitch,140,DD,/r/wallstreetbets/comments/l4mshy/gme_options_chain_update_gamma_squeeze_and_new/,https://www.reddit.com/r/wallstreetbets/comments/l4mshy/gme_options_chain_update_gamma_squeeze_and_new/,https://www.reddit.com/r/wallstreetbets/comments/l4mshy/gme_options_chain_update_gamma_squeeze_and_new/,"Edit: Fuck you auto mod. I originally posted at 2 AM but was removed since G\*TS is apparently an unrelated microcap

TLDR: MM's may have to offload shares on Monday but call volume will likely pressure prices up EOW. New strikes up to $115 will be offered. Unique opportunity for the largest gamma squeeze of all time.

I will try to keep this DD brief. Most the sub is filled with garbage about GME by people who think ""shorts expire"" and don't know what float means. I'll try to avoid talking about things I don't understand and if you find a mistake or have a different thesis please comment.

**Options Chain Summary**

Last week with the significant price action on Friday, only three strikes 65-75 expired OTM and triggered a massive gamma squeeze. Gamma squeezes don't occur in a vacuum and need a spark like high options volume or purchasing. On Friday, based on the buy sizes and giant green dildos, a margin call or large institutional buy likely triggered the sqoze.

At open on Monday, more strikes will be added to the chain up to $115 because of the price increase. When those contracts are added to the chain ending 29 JAN 21 , this will change some of the data I used but I will probably update on Monday when OI is updated.

&#x200B;

[Intraday Price and Volume 22 JAN 21](https://preview.redd.it/slqy0xci6hd61.png?width=1624&format=png&auto=webp&s=eb1452969c4794a85b0e79b5c6419edfffc19e77)

If you look at the chain as of Friday close, the overall OI for puts and calls is very low. I believe this is dangerous for Monday coming off a Friday when a heavy volume of calls expired ITM. I know you degenerates don't have the money to exercise so you sell your calls. Typically a institution will buy your contract and arbitrages the sale price and intrinsic value of shares. If the option writer buys back the contract or the holder doesn't exercise they have to unwind their hedges and will have some shares to dump. This won't crater the stock but a dip after open is reasonable.

**Delta Hedging**

Most of the FDs in this Casino are written by Market Makers like GT\*S or Jane Street. Contrary to a lot of commentary here, MMs are behind the curtains manipulating prices to fuck your positions. In short, MM's try to stay **neutral to directional positions** by hedging and make money from scalping the Bid/Ask and extrinsic decay.

To hedge any directional positions, they manage their position delta. Delta is the how much your option increases in value for $1 change in the underlying. Think about this as the % chance your option expires itm. A ITM option has a delta of 1 and true FD has a delta of 0. Makes sense?

MM's hedge their delta exposure by buying and shorting shares of the underlying. Options can be used too for hedging the greeks but isn't important here. To stay completely delta neutral, the options writer will buy or short (Delta of Contract\*Number of Contracts\*100)

For a more thorough explanation of Market Making and Hedging, check out this [video](https://www.youtube.com/watch?v=7SzMoPRsuqA) or [PDF](https://web.ma.utexas.edu/users/mcudina/m339w-slides-market-making-delta-hedging.pdf)

&#x200B;

[Weekly Option Chain 29 JAN 21 ](https://preview.redd.it/h4iwmd8g6hd61.png?width=1892&format=png&auto=webp&s=462d5701521617e53e5915ff286ff17834ee8074)

For this week the OI is still low but will see more volume as degenerate get their lotto tickets. Overall you can see Market Makers are net positive delta so to be delta neutral, they are required to purchase 3,550,000 shares. The OI for puts and calls is relatively close but after Friday, the delta of puts drilled and most calls neared 1 forcing MM's to heavily purchase shares.

&#x200B;

[Distribution of Options 29 JAN 21](https://preview.redd.it/fayn8ikm6hd61.png?width=1142&format=png&auto=webp&s=0a82c8ea6e5afb21cc396b7d9c4f0fed1ba4bf18)

I believe if retail FOMO continues along with degenerates buying weeklies, prices will continue to gamma squeeze. A good metric is the volume on calls +50 strikes intraday. I will be using this to adjust my positions.

**Gamma Squeeze**

A gamma squeeze is fueled by this delta hedging. MM's covering their short call positions inadvertently push the price higher by purchasing shares to stay delta neutral. On Friday we saw a gamma squeeze enter a feedback loop until the circuit breakers hit at +69%. It's essentially gasoline on a fire. As of Friday, 29 Jan OI was low but volume will pick up early on in the week, setting up for another gamma squeeze of massive proportions before Friday. Closing at $61 Friday may trigger some margin calls or push shorts to get out. IF they do gamma+short covering can set up another 50% pretty easily.

The one X factor here is there shelf offering filed by the GME board. Selling $100MM of shares into such elevated buy volume would be tempting for the board. Ryan Cohen is very shareholder friendly but we could see such an offering to raise capital.

**Melvin Capital and Short Losses**

To get a better picture of what the shorts have been up to, I asked around to a few institutional people. Essentially what I got back was the WSJ article detailing 15% YTD losses was most likely correct or understating their losses after Fridays price action. Some of those losses were incurred from other short positions. If they were smart their put expired positions would have been a synthetic short or used calls to hedge. According to their 13F they didn't do either so their losses could be much more significant. There's not a chance short GME was larger than 3% of their total AUM so they won't guh anytime soon.

Jan 15 Short interest will be released on Wednesday, 27 which will give a better picture of short activity since the price surges.

Edit Premarket Monday: So the underlying blew up 50% to a high of $136 before settling at $90. I will still with my positions because 115s are close to the money currently, I believe weâ€™ll see a lot of volume around that strike and will further squeeze the stock.

**Positions**: Buying a spread of OTM calls strike 75 to 100 exp 1/29. If I see enough call volume especially far OTM, I will probably double down on the 100s.

After this many correct calls I tend to blow up my account but fuck it

Edit: Forgot ğŸš€ğŸš€",2021-01-25 21:53:59.310834,../output/raw/DueDiligence_flair_DD_20210125_215359.csv
14,l520sb,Implications of Melvinâ€™s Bailout Today,t3_l520sb,0.94,395,395,top,2021-01-26 03:41:13.000000,HardtackOrange,212,DD,/r/wallstreetbets/comments/l520sb/implications_of_melvins_bailout_today/,https://www.reddit.com/r/wallstreetbets/comments/l520sb/implications_of_melvins_bailout_today/,https://www.reddit.com/r/wallstreetbets/comments/l520sb/implications_of_melvins_bailout_today/,"Implications of Citadel, Point 72 Bailout of Melvin Capital. Steve Cohen/Plotkin's Likely Massive Put/Call Wall Strategy

First, all you diamond hands are hereby promoted to Lt. Colonel after today. All you paper hands should be ashamed with yourself, but you still have time to help your fellow brothers against the Big Bad, Melvin Capital.

**Context**

Melvin Capital was bailed out today\[1\]. They were close to liquidating their position but were rescued. This is supported by the fact that as GME passed the 115 gamma ramp and headed to 150, the rest of the market was going red, likely from Melvin liquidating. This could have caused a cascading effect across other funds an positions, but that's another post. What is evident was that Melvin Capital was likely about to start liquidating but was rescued by Plotnik's Papa Steve Cohen with 2.75B \[1\]

**Conjectures**

I'll describe how Melvin Capital will likely try to countermove their weak position. Everything I write is conjecture, and would be a very low investable thesis but let's continue with the white boarding.

The GME 60C is the beginning and the end for you guys. Huge amounts of call buying and delta hedging occured at this strike. 10s of Millions of shares are linked to these derivatives.

Melvin's Capital goal is to not be forced into a short squeeze. You guys want the the infinite short squeeze to be triggered. MM/Citadel Securities provides the price discovery on how expensive each countermove is for the actors in this game.

Melvin Capital is likely not to double down on shorts with the new funds because if he loses in that move, Plotnik's career is over and may face criminal charges for abusing his fudiciary duties by doubling down with more naked short selling.

We saw today how someone forced GME share price to drop over 10% and force halts, thereby dropping off vega and killing off any gamma ramping. It happened over and over. So we know that's what they tactically want to do.

Steve Cohen's, famous hedge fund manager, has a favorite play. He would create massive call and put walls around a strike price to kill off vega and prevent gamma, and collect premium. In ELI5, Cohen would put up massive blocks of expensive puts and calls so that participants would have to churn through them before gamma could be ramped. By the time it happened, theta would have made your positions not profitable. And Cohen would collect the premium as actors tried to hammer through those put and call walls. He basically does this to kill volalitity.

Plotkin was Cohen's right hand man.

So expect Plotkin will use the 2.75B to drive GME price below 60, then he will ressurect massive put/call walls around a strike price and wait out the ITM 60C options across the calendar. This will kill vol and dampen gamma to prevent a gamma squeeze that can trigger an infinite short squeeze.

**Retails counter move**

Retails only chance is to have a big whale on your side to blast threw those put/call walls that will kill vol; or it's a race against time to trigger the gamma squeeze before Plotkin drives the price below 60 and erects the massive put/call walls that make all the ITM 60C expire worthless and dampens anymore gamma ramping to force a short squeeze.

TL;DR Retail must drive GME to 115 and soon ğŸš€ğŸš€ğŸš€ğŸš€ğŸš€ğŸš€ğŸš€ğŸš€ğŸš€ğŸš€ğŸš€ğŸš€ğŸš€ğŸš€ğŸš€ğŸš€ğŸš€ğŸš€ğŸš€ğŸš€ğŸš€

\[1\] [https://www.wsj.com/articles/citadel-point72-to-invest-2-75-billion-into-melvin-capital-management-11611604340](https://www.wsj.com/articles/citadel-point72-to-invest-2-75-billion-into-melvin-capital-management-11611604340)

Kudos to u/hello-world-foo-bar from r/options",2021-01-25 21:53:59.310834,../output/raw/DueDiligence_flair_DD_20210125_215359.csv
